period,model,train_rows,holdout_rows,mae_usd,rmse_usd,median_ae_usd
2025-07,median_rate_per_mile,28806,4912,241.6473333868056,678.1670894694361,137.7876757604172
2025-07,ridge_rate_per_mile,28806,4912,218.65579458247626,641.8055627982071,146.60804853488412
2025-07,hist_boost_rate_per_mile,28806,4912,214.5190648983092,654.2458096401357,123.22683478474153
2025-07,catboost_rate_per_mile,28806,4912,193.10712506073682,668.892820870739,84.96653793119071
2025-07,catboost_market_signals,28806,4912,153.1013307637069,658.1767732865525,43.36633095546085
2025-08,median_rate_per_mile,33718,4759,260.52348094384564,673.9638994294372,132.86595646711703
2025-08,ridge_rate_per_mile,33718,4759,256.06426111858843,650.0253549055988,200.30388716410698
2025-08,hist_boost_rate_per_mile,33718,4759,149.03665953618062,623.586700923404,67.51085985579584
2025-08,catboost_rate_per_mile,33718,4759,117.49529643642643,615.6523029613488,45.66230988365487
2025-08,catboost_market_signals,33718,4759,123.48577797443043,619.3343345519412,46.4038616786022
2025-09,median_rate_per_mile,38477,4670,260.8320706457734,673.3032643428515,145.55665175857587
2025-09,ridge_rate_per_mile,38477,4670,188.05460187601335,626.0078395019613,124.78943938914858
2025-09,hist_boost_rate_per_mile,38477,4670,120.99133440801558,615.3190816797295,45.87831589291602
2025-09,catboost_rate_per_mile,38477,4670,103.71757051134851,615.7367559186067,33.16233776233321
2025-09,catboost_market_signals,38477,4670,100.55069947132331,615.2409656674226,31.708222720414597
2025-09,final_check:catboost_market_signals,38477,4670,100.55069947132331,615.2409656674226,31.708222720414597
2025-10,final_check:catboost_market_signals,43147,4853,163.76925212628058,652.3149814726179,72.5779950730489
